image_path,basename
colonie/libia/img/prev_tripoli_1.jpeg,prev_tripoli_1.jpeg
colonie/libia/img/prev_tripoli_10.jpeg,prev_tripoli_10.jpeg
colonie/libia/img/prev_tripoli_13.jpeg,prev_tripoli_13.jpeg
colonie/libia/img/prev_tripoli_15.jpeg,prev_tripoli_15.jpeg
colonie/libia/img/prev_tripoli_16.jpeg,prev_tripoli_16.jpeg
colonie/libia/img/prev_tripoli_18.jpeg,prev_tripoli_18.jpeg
colonie/libia/img/prev_tripoli_19.jpeg,prev_tripoli_19.jpeg
colonie/libia/img/prev_tripoli_20.jpeg,prev_tripoli_20.jpeg
colonie/libia/img/prev_tripoli_21.jpeg,prev_tripoli_21.jpeg
colonie/libia/img/prev_tripoli_22.jpeg,prev_tripoli_22.jpeg
colonie/libia/img/prev_tripoli_23.jpeg,prev_tripoli_23.jpeg
colonie/libia/img/prev_tripoli_3.jpeg,prev_tripoli_3.jpeg
colonie/libia/img/prev_tripoli_4.jpeg,prev_tripoli_4.jpeg
colonie/libia/img/prev_tripoli_6.jpeg,prev_tripoli_6.jpeg
colonie/libia/img/prev_tripoli_9.jpeg,prev_tripoli_9.jpeg
regno/jpg/prev_1514.jpeg,prev_1514.jpeg
regno/jpg/prev_1538_A.jpeg,prev_1538_A.jpeg
regno/jpg/prev_1575_A.jpeg,prev_1575_A.jpeg
regno/jpg/prev_1592_A.jpeg,prev_1592_A.jpeg
regno/jpg/prev_160_A.jpeg,prev_160_A.jpeg
regno/jpg/prev_1622_A.jpeg,prev_1622_A.jpeg
regno/jpg/prev_1624_R.jpeg,prev_1624_R.jpeg
regno/jpg/prev_1629_A.jpeg,prev_1629_A.jpeg
regno/jpg/prev_1631_A.jpeg,prev_1631_A.jpeg
regno/jpg/prev_1693_R.jpeg,prev_1693_R.jpeg
regno/jpg/prev_1703_A.jpeg,prev_1703_A.jpeg
regno/jpg/prev_1740_R.jpeg,prev_1740_R.jpeg
regno/jpg/prev_1770_A.jpeg,prev_1770_A.jpeg
regno/jpg/prev_1813_R.jpeg,prev_1813_R.jpeg
regno/jpg/prev_1905_A.jpeg,prev_1905_A.jpeg
regno/jpg/prev_1927_A.jpeg,prev_1927_A.jpeg
regno/jpg/prev_3700_B.jpeg,prev_3700_B.jpeg
regno/jpg/prev_3704_A.jpeg,prev_3704_A.jpeg
regno/jpg/prev_3709_A.jpeg,prev_3709_A.jpeg
regno/jpg/prev_3723_A.jpeg,prev_3723_A.jpeg
regno/jpg/prev_3725_B.jpeg,prev_3725_B.jpeg
regno/jpg/prev_618_A.jpeg,prev_618_A.jpeg
regno/jpg/prev_978.jpeg,prev_978.jpeg
triestea/img/prev_trieste_1.jpeg,prev_trieste_1.jpeg
triestea/img/prev_trieste_10.jpeg,prev_trieste_10.jpeg
triestea/img/prev_trieste_11.jpeg,prev_trieste_11.jpeg
triestea/img/prev_trieste_12.jpeg,prev_trieste_12.jpeg
triestea/img/prev_trieste_13.jpeg,prev_trieste_13.jpeg
triestea/img/prev_trieste_14.jpeg,prev_trieste_14.jpeg
triestea/img/prev_trieste_15.jpeg,prev_trieste_15.jpeg
triestea/img/prev_trieste_16.jpeg,prev_trieste_16.jpeg
triestea/img/prev_trieste_17.jpeg,prev_trieste_17.jpeg
triestea/img/prev_trieste_18.jpeg,prev_trieste_18.jpeg
triestea/img/prev_trieste_2.jpeg,prev_trieste_2.jpeg
triestea/img/prev_trieste_2_A.jpeg,prev_trieste_2_A.jpeg
triestea/img/prev_trieste_2_B.jpeg,prev_trieste_2_B.jpeg
triestea/img/prev_trieste_2_C.jpeg,prev_trieste_2_C.jpeg
triestea/img/prev_trieste_3.jpeg,prev_trieste_3.jpeg
triestea/img/prev_trieste_4.jpeg,prev_trieste_4.jpeg
triestea/img/prev_trieste_5.jpeg,prev_trieste_5.jpeg
triestea/img/prev_trieste_6.jpeg,prev_trieste_6.jpeg
triestea/img/prev_trieste_7.jpeg,prev_trieste_7.jpeg
triestea/img/prev_trieste_8.jpeg,prev_trieste_8.jpeg
triestea/img/prev_trieste_9.jpeg,prev_trieste_9.jpeg
